firstname,weight,male,female
maria,169642,0,1
jose,127998,1,0
juan,85184,1,0
ana,59407,0,1
cristina,49687,0,1
david,48520,1,0
javier,47264,1,0
antonio,45113,1,0
carlos,44456,1,0
laura,43126,0,1
francisco,42104,1,0
carmen,41562,0,1
marta,39685,0,1
miguel,39468,1,0
luis,33148,1,0
manuel,32937,1,0
isabel,31000,0,1
raquel,29151,0,1
silvia,28230,0,1
rosa,28093,0,1
elena,27532,0,1
patricia,26427,0,1
pedro,26257,1,0
pilar,26127,0,1
sonia,26108,0,1
alberto,24946,1,0
jorge,24503,1,0
sandra,24336,0,1
beatriz,24284,0,1
jesus,24219,1,0
daniel,24123,1,0
sergio,24087,1,0
eva,24078,0,1
susana,23429,0,1
fernando,21588,1,0
nuria,21190,0,1
monica,21161,0,1
sara,20935,0,1
oscar,20077,1,0
yolanda,20073,0,1
angel,19467,1,0
esther,19294,0,1
pablo,18970,1,0
alejandro,16082,1,0
victor,15915,1,0
raul,15604,1,0
rocio,15476,0,1
rafael,14627,1,0
natalia,14594,0,1
jordi,14511,1,0
roberto,14446,1,0
lorena,14206,0,1
ruben,14198,1,0
veronica,14015,0,1
alicia,13948,0,1
mercedes,13772,0,1
noelia,13627,0,1
teresa,13583,0,1
vanessa,13478,0,1
diego,13316,1,0
mari,13160,0,1
ivan,13061,1,0
carolina,12955,0,1
montse,12726,0,1
miriam,11595,0,1
eduardo,11546,1,0
mar,11441,0,1
anna,11250,0,1
olga,10980,0,1
enrique,10971,1,0
irene,10875,0,1
alvaro,10751,1,0
paula,10361,0,1
gema,9671,0,1
ricardo,9452,1,0
vanesa,9294,0,1
lucia,9202,0,1
virginia,9150,0,1
belen,9088,0,1
lourdes,9039,0,1
andres,8879,1,0
mario,8673,1,0
andrea,8509,0,1
ignacio,8338,1,0
inmaculada,8229,0,1
alba,8213,0,1
maite,8098,0,1
gemma,8076,0,1
vicente,8001,1,0
alfonso,7993,1,0
jaime,7930,1,0
marcos,7916,1,0
alex,7901,1,0
julio,7838,1,0
ramon,7806,1,0
gloria,7794,0,1
pepe,7587,1,0
marina,7572,0,1
diana,7491,0,1
angela,7362,0,1
lidia,7349,0,1
inma,7285,0,1
jessica,7247,0,1
victoria,7236,0,1
joan,7226,1,0
santiago,6994,1,0
rebeca,6830,0,1
montserrat,6746,0,1
julia,6667,0,1
emilio,6619,1,0
joaquin,6569,1,0
angeles,6548,0,1
lola,6545,0,1
adrian,6491,1,0
antonia,6485,0,1
maribel,6385,0,1
amparo,6352,0,1
paloma,6323,0,1
josep,6295,1,0
cesar,6246,1,0
marc,6179,1,0
almudena,6017,0,1
tamara,6005,0,1
javi,5988,1,0
margarita,5974,0,1
blanca,5944,0,1
estefania,5938,0,1
paco,5894,1,0
leticia,5829,0,1
claudia,5796,0,1
guillermo,5776,1,0
albert,5755,1,0
marisa,5751,0,1
tania,5723,0,1
mireia,5616,0,1
cristian,5571,1,0
alejandra,5481,0,1
gonzalo,5407,1,0
rosario,5318,0,1
toni,5287,1,0
noemi,5240,0,1
fran,5182,1,0
nieves,5167,0,1
clara,5160,0,1
ruth,5094,0,1
elisa,5010,0,1
nerea,4964,0,1
xavier,4900,1,0
borja,4834,1,0
luisa,4805,0,1
marian,4750,0,1
ainhoa,4703,0,1
dolores,4685,0,1
aitor,4633,1,0
gabriel,4597,1,0
alfredo,4560,1,0
adriana,4558,0,1
mayte,4516,0,1
dani,4472,1,0
salvador,4456,1,0
ester,4444,0,1
rafa,4412,1,0
ines,4407,0,1
hector,4382,1,0
juana,4246,0,1
conchi,4133,0,1
paqui,4117,0,1
celia,4082,0,1
ismael,3963,1,0
julian,3960,1,0
carla,3922,0,1
francisca,3898,0,1
aurora,3854,0,1
manuela,3814,0,1
nacho,3802,1,0
tomas,3764,1,0
martin,3720,1,0
arantxa,3621,0,1
soraya,3588,0,1
esperanza,3587,0,1
judith,3578,0,1
agustin,3508,1,0
felipe,3491,1,0
gustavo,3484,1,0
fatima,3482,0,1
amaia,3467,0,1
jennifer,3467,0,1
felix,3422,1,0
sofia,3416,0,1
jonathan,3407,1,0
loli,3400,0,1
mikel,3360,1,0
elisabet,3356,0,1
marisol,3352,0,1
elisabeth,3269,0,1
sergi,3262,1,0
alexandra,3175,0,1
aida,3111,0,1
sheila,3054,0,1
rodrigo,3042,1,0
anabel,3028,0,1
marco,3016,1,0
barbara,3007,0,1
paola,2976,0,1
samuel,2945,1,0
arturo,2913,1,0
helena,2908,0,1
soledad,2896,0,1
xavi,2888,1,0
estela,2868,0,1
encarna,2853,0,1
mariano,2850,1,0
lara,2840,0,1
cecilia,2835,0,1
laia,2822,0,1
charo,2819,0,1
marga,2810,0,1
erika,2772,0,1
araceli,2762,0,1
josefa,2760,0,1
jon,2733,1,0
emma,2658,0,1
tatiana,2652,0,1
israel,2646,1,0
leire,2643,0,1
judit,2636,0,1
gabriela,2624,0,1
mary,2612,0,1
christian,2603,1,0
jaume,2593,1,0
hugo,2578,1,0
milagros,2561,0,1
rosana,2561,0,1
esteban,2558,1,0
isaac,2552,1,0
itziar,2531,0,1
elvira,2509,0,1
meritxell,2488,0,1
miquel,2479,1,0
juanjo,2473,1,0
consuelo,2446,0,1
bego,2441,0,1
sebastian,2411,1,0
daniela,2409,0,1
manolo,2386,1,0
macarena,2378,0,1
carme,2375,0,1
jos,2366,1,0
abel,2358,1,0
elizabeth,2348,0,1
joana,2341,0,1
carles,2301,1,0
lydia,2293,0,1
guadalupe,2290,0,1
adela,2278,0,1
magdalena,2245,0,1
german,2235,1,0
catalina,2233,0,1
oriol,2229,1,0
mariana,2222,0,1
neus,2217,0,1
francesc,2212,1,0
concepcion,2179,0,1
santi,2169,1,0
ernesto,2146,1,0
nicolas,2121,1,0
adolfo,2117,1,0
iker,2115,1,0
liliana,2102,0,1
idoia,2073,0,1
domingo,2065,1,0
asier,2064,1,0
berta,2064,0,1
merche,2064,0,1
emilia,2042,0,1
merce,2015,0,1
pepa,2007,0,1
manel,1984,1,0
estibaliz,1980,0,1
estrella,1975,0,1
pili,1965,0,1
ainara,1956,0,1
elsa,1954,0,1
manu,1945,1,0
manoli,1941,0,1
juani,1922,0,1
eugenia,1916,0,1
federico,1902,1,0
gerardo,1902,1,0
gorka,1887,1,0
lorenzo,1867,1,0
pere,1830,1,0
myriam,1777,0,1
mamen,1764,0,1
roger,1762,1,0
ingrid,1759,0,1
josefina,1758,0,1
rita,1751,0,1
gerard,1747,1,0
izaskun,1740,0,1
arancha,1726,0,1
moises,1714,1,0
ferran,1711,1,0
miren,1707,0,1
karina,1702,0,1
cris,1676,0,1
encarni,1676,0,1
cristobal,1675,1,0
amalia,1669,0,1
arantza,1669,0,1
edurne,1665,0,1
dolors,1663,0,1
ada,1655,0,1
amelia,1636,0,1
iratxe,1636,0,1
amaya,1633,0,1
lucas,1620,1,0
concha,1615,0,1
enric,1610,1,0
eugenio,1608,1,0
azucena,1587,0,1
roser,1578,0,1
naiara,1548,0,1
tere,1546,0,1
pau,1539,1,0
leonor,1522,0,1
eduard,1519,1,0
matilde,1518,0,1
isa,1518,0,1
nadia,1517,0,1
omar,1517,1,0
aroa,1513,0,1
igor,1508,1,0
bruno,1503,1,0
pepi,1498,0,1
esmeralda,1477,0,1
gregorio,1467,1,0
angelica,1460,0,1
edgar,1460,1,0
imma,1448,0,1
luz,1448,0,1
marcela,1443,0,1
saray,1441,0,1
carol,1436,0,1
asuncion,1434,0,1
jonatan,1425,1,0
sol,1403,0,1
ariadna,1400,0,1
flor,1397,0,1
edu,1385,1,0
iris,1377,0,1
natividad,1371,0,1
graciela,1367,0,1
lluis,1367,1,0
joseba,1364,1,0
fina,1355,0,1
martha,1353,0,1
marcelo,1350,1,0
unai,1342,1,0
xabier,1340,1,0
desiree,1335,0,1
juanma,1331,1,0
amanda,1316,0,1
maricarmen,1308,0,1
eli,1301,0,1
paz,1301,0,1
valentin,1287,1,0
armando,1274,1,0
robert,1274,1,0
eloy,1266,1,0
bernardo,1245,1,0
puri,1245,0,1
karen,1240,0,1
carlota,1238,0,1
davinia,1232,0,1
asun,1228,0,1
trinidad,1223,0,1
lina,1219,0,1
nagore,1216,0,1
aranzazu,1207,0,1
mila,1205,0,1
dario,1192,1,0
isidro,1186,1,0
leonardo,1186,1,0
ander,1182,1,0
eric,1172,1,0
violeta,1170,0,1
magda,1164,0,1
claudio,1159,1,0
nora,1155,0,1
angels,1145,0,1
gisela,1144,0,1
vicky,1143,0,1
pascual,1126,1,0
abraham,1121,1,0
joel,1119,1,0
mohamed,1115,1,0
alexis,1108,1,0
jenny,1107,0,1
romina,1106,0,1
antoni,1100,1,0
maider,1099,1,0
mariola,1098,0,1
josu,1097,1,0
nancy,1092,0,1
iria,1084,0,1
jairo,1081,1,0
carmelo,1079,1,0
pamela,1070,0,1
mabel,1069,0,1
mayra,1068,0,1
ricard,1068,1,0
matias,1066,1,0
alina,1061,0,1
kike,1061,1,0
yaiza,1057,0,1
chelo,1056,0,1
valeria,1049,0,1
viviana,1048,0,1
rut,1048,0,1
remedios,1044,0,1
nestor,1038,1,0
jacobo,1037,1,0
delia,1034,0,1
benito,1028,1,0
encarnacion,1028,0,1
tony,1028,1,0
fermin,1026,1,0
roxana,1023,0,1
alexander,1016,1,0
yasmina,1013,0,1
loreto,1006,1,0
rakel,1006,0,1
salva,1005,1,0
irina,994,0,1
fernanda,987,0,1
debora,979,0,1
andoni,977,1,0
rosalia,977,0,1
damian,976,1,0
oliver,972,1,0
chema,961,1,0
mauricio,958,1,0
africa,957,0,1
georgina,951,0,1
mariela,949,0,1
fabiola,947,0,1
roman,946,1,0
benjamin,936,1,0
fabian,932,1,0
mara,930,0,1
olivia,926,0,1
norma,925,0,1
mirian,922,0,1
aitziber,917,0,1
olatz,910,1,0
john,906,1,0
aaron,902,1,0
cynthia,895,0,1
saioa,893,0,1
covadonga,892,0,1
regina,884,0,1
susanna,877,0,1
elia,876,0,1
andreu,874,1,0
chus,871,1,0
sabrina,868,0,1
gracia,865,0,1
saul,863,1,0
guillem,862,1,0
ascension,857,0,1
bibiana,857,0,1
mariajose,854,0,1
trini,854,0,1
jacinto,844,1,0
imanol,843,1,0
azahara,840,0,1
gladys,838,0,1
evelyn,837,0,1
aurelio,830,1,0
coral,828,0,1
johanna,826,0,1
elias,821,1,0
m.carmen,821,0,1
alma,817,0,1
mihaela,817,0,1
eneko,808,1,0
karla,806,0,1
ida,806,0,1
kevin,800,1,0
mateo,799,1,0
leyre,793,0,1
marilo,790,0,1
piedad,788,0,1
purificacion,788,0,1
mariangeles,783,0,1
nati,781,0,1
nazaret,779,0,1
richard,778,1,0
loly,777,0,1
iban,773,1,0
cati,771,0,1
conchita,771,0,1
jenifer,770,0,1
maitane,769,0,1
ursula,767,0,1
blas,765,1,0
nekane,759,0,1
rodolfo,757,1,0
sagrario,757,1,0
mariluz,749,0,1
miryam,748,0,1
marivi,747,0,1
dulce,745,0,1
martina,745,0,1
patxi,745,1,0
valentina,743,0,1
tito,734,1,0
pep,733,1,0
sylvia,730,0,1
lope,727,1,0
reme,726,0,1
jesica,724,0,1
ramona,724,0,1
fanny,722,0,1
ramiro,721,1,0
carina,719,0,1
vero,715,0,1
fidel,713,1,0
leandro,712,1,0
vicenta,712,0,1
jacqueline,708,0,1
pol,702,1,0
aura,700,0,1
elisenda,694,0,1
francis,691,1,0
adri,690,1,0
deborah,690,0,1
sabina,688,0,1
gines,687,1,0
maika,684,0,1
silvana,684,0,1
irma,682,0,1
carmina,679,0,1
julen,674,1,0
monika,668,0,1
kiko,666,1,0
mariona,665,0,1
belinda,663,0,1
simon,661,1,0
cintia,658,0,1
josune,658,0,1
paul,658,1,0
joaquim,654,1,0
fer,654,1,0
katia,653,0,1
jaione,650,0,1
patricio,650,1,0
marimar,649,0,1
jeronimo,648,1,0
josue,648,1,0
katherine,644,0,1
agueda,641,0,1
pepito,641,1,0
aleix,640,1,0
eliana,640,0,1
aina,639,0,1
walter,639,1,0
ezequiel,638,1,0
zaida,638,0,1
eulalia,636,0,1
noe,636,0,1
erica,634,0,1
melissa,632,0,1
arnau,631,1,0
mireya,631,0,1
lolo,625,1,0
rosi,625,0,1
thais,624,0,1
caridad,623,0,1
justo,621,1,0
cinta,620,0,1
juliana,620,0,1
mayka,620,0,1
sarai,620,0,1
janire,614,0,1
jes,613,0,1
aritz,612,1,0
brenda,612,0,1
frank,607,1,0
andreea,604,0,1
begona,602,0,1
eloisa,602,0,1
eider,599,1,0
paulo,599,1,0
leo,599,1,0
dori,598,0,1
amador,595,1,0
mariam,595,0,1
yessica,594,0,1
nelson,591,1,0
vicent,587,1,0
fabio,585,1,0
itxaso,584,0,1
minerva,583,0,1
patri,582,0,1
ibon,578,0,1
salome,578,0,1
mªangeles,573,0,1
oihana,572,0,1
henar,569,0,1
eusebio,568,1,0
leon,568,1,0
ignasi,567,1,0
rogelio,566,1,0
sonsoles,566,0,1
emiliano,565,1,0
jhon,564,1,0
agustina,563,0,1
paquita,562,0,1
luciano,560,1,0
roc,560,1,0
mauro,549,1,0
ion,549,1,0
m.angeles,547,0,1
orlando,546,1,0
angie,545,0,1
oskar,544,1,0
isidoro,543,1,0
gina,541,0,1
zaira,540,0,1
octavio,539,1,0
alexia,536,0,1
rafaela,536,0,1
simona,536,0,1
yoana,536,0,1
augusto,530,1,0
vera,529,0,1
felisa,526,0,1
peter,526,1,0
olalla,525,0,1
stella,525,0,1
adelaida,522,0,1
adria,522,1,0
paulina,517,0,1
quique,516,1,0
arkaitz,514,1,0
herminia,514,0,1
francesca,511,0,1
susi,509,0,1
tina,509,0,1
humberto,508,1,0
priscila,508,0,1
sarah,506,0,1
mery,502,0,1
bartolome,501,1,0
william,501,1,0
yurena,500,0,1
emi,500,0,1
melania,498,0,1
marcelino,496,1,0
gaspar,495,1,0
iciar,493,0,1
luna,492,0,1
rober,491,1,0
maialen,489,0,1
noel,489,1,0
marcel,485,1,0
txema,485,1,0
florencia,481,0,1
celeste,479,0,1
nina,478,0,1
lupe,475,0,1
nicoleta,475,0,1
edwin,474,1,0
koldo,474,1,0
marius,473,1,0
aintzane,472,0,1
anton,472,1,0
bernat,471,1,0
johana,469,0,1
camino,468,1,0
henry,467,1,0
jean,466,1,0
leidy,465,0,1
lilian,465,0,1
luciana,465,0,1
mcarmen,465,0,1
michel,463,1,0
melisa,462,0,1
michael,460,1,0
fuensanta,459,0,1
alan,457,1,0
edith,455,0,1
erik,455,1,0
oihane,454,0,1
anita,452,0,1
ioana,452,0,1
chari,451,0,1
jana,451,0,1
ariel,450,1,0
ivana,450,0,1
camilo,449,1,0
katy,447,0,1
lurdes,447,0,1
wendy,447,0,1
doris,445,0,1
jimena,444,0,1
mertxe,443,0,1
yeray,443,1,0
irune,442,0,1
juli,441,0,1
melanie,440,0,1
joaquina,437,0,1
gaizka,434,1,0
marlene,433,0,1
maximo,432,1,0
yesica,431,0,1
luc,431,1,0
anais,430,0,1
mªjose,429,0,1
samantha,427,0,1
serafin,427,1,0
dionisio,425,1,0
micaela,424,0,1
ivonne,423,0,1
alexandre,422,1,0
penelope,420,0,1
mªcarmen,419,0,1
eladio,418,1,0
maica,418,0,1
alain,415,1,0
nathalie,415,0,1
yoli,415,0,1
adelina,413,0,1
sheyla,412,0,1
ali,410,1,0
norberto,408,1,0
bianca,407,0,1
nico,407,1,0
camila,405,0,1
iago,403,1,0
alazne,402,0,1
karmele,402,0,1
hernan,399,1,0
jone,399,1,0
janet,398,0,1
joanna,398,0,1
perico,398,1,0
feli,397,1,0
paulino,397,1,0
aurelia,395,0,1
quim,395,1,0
marti,394,0,1
astrid,391,0,1
pepita,391,0,1
valle,391,1,0
ainoa,390,0,1
damaris,390,0,1
ariana,389,0,1
faustino,389,1,0
zoraida,389,0,1
guille,388,1,0
teodoro,388,1,0
dora,387,0,1
candido,384,1,0
olaia,384,0,1
lorea,382,0,1
florin,381,1,0
gala,379,0,1
leila,379,0,1
marcial,379,1,0
mati,378,1,0
nelly,377,0,1
candela,376,0,1
felicidad,375,0,1
joao,373,1,0
hortensia,372,0,1
lino,372,1,0
maritza,370,0,1
olaya,370,0,1
petra,370,0,1
silvina,370,0,1
ximena,370,0,1
yago,369,1,0
abigail,368,0,1
vane,368,0,1
leopoldo,367,1,0
yanira,367,0,1
modesto,366,1,0
anibal,365,1,0
kepa,362,1,0
fede,360,1,0
kristina,359,0,1
wilson,359,1,0
denis,357,1,0
horacio,357,1,0
nayra,357,0,1
corina,356,0,1
eliseo,356,1,0
fabiana,355,0,1
freddy,353,1,0
kelly,353,0,1
flora,351,0,1
dunia,350,0,1
michelle,350,0,1
mirta,349,0,1
didac,347,1,0
milena,347,0,1
enriqueta,346,0,1
irantzu,346,0,1
jonas,346,1,0
loles,346,0,1
adoracion,345,0,1
carmela,345,0,1
catherine,344,0,1
ximo,344,1,0
roque,343,1,0
cayetano,341,1,0
lucy,341,0,1
pelayo,341,1,0
genoveva,340,0,1
giovanna,340,0,1
arantzazu,339,0,1
nuri,339,0,1
betty,338,0,1
florencio,338,1,0
xenia,338,0,1
dina,337,0,1
ibai,337,1,0
amos,336,1,0
xabi,336,1,0
irati,333,0,1
vito,333,1,0
caty,331,0,1
sebas,331,1,0
agurtzane,329,0,1
cecilio,329,1,0
julieta,328,0,1
marcia,328,0,1
maximiliano,328,1,0
analia,327,0,1
lazaro,327,1,0
nelida,327,0,1
flavia,326,0,1
ildefonso,326,1,0
raimundo,326,1,0
celestino,325,1,0
endika,324,1,0
aitana,323,0,1
tino,323,1,0
may,323,0,1
eloi,322,1,0
florentina,321,0,1
zulema,321,0,1
arrate,320,0,1
candelaria,320,0,1
esteve,319,1,0
sira,318,0,1
ulises,316,1,0
amadeo,315,1,0
angelina,315,0,1
mirela,315,0,1
rafi,314,1,0
shirley,314,0,1
hilario,312,1,0
nicole,310,0,1
griselda,309,0,1
karlos,309,1,0
mjose,309,0,1
adan,308,1,0
constantino,308,1,0
iolanda,308,0,1
alejo,307,1,0
anca,307,0,1
meri,307,0,1
linda,306,0,1
patrick,306,1,0
m.jose,305,0,1
joseluis,304,1,0
emmanuel,303,1,0
helen,302,0,1
jokin,302,1,0
salud,302,0,1
xisca,302,0,1
dan,302,1,0
lea,301,0,1
migue,300,1,0
gaston,298,1,0
marie,298,0,1
erick,297,1,0
miki,297,1,0
xiomara,296,0,1
eneritz,295,0,1
laureano,295,1,0
danny,294,1,0
ernest,294,1,0
lander,294,1,0
cindy,293,0,1
yesenia,293,0,1
melina,292,0,1
cinthia,291,0,1
iosu,290,1,0
janeth,290,0,1
nereida,290,0,1
basilio,289,1,0
maripaz,289,0,1
rene,289,1,0
stephanie,289,0,1
hilda,286,0,1
caterina,285,0,1
narciso,285,1,0
maxi,284,0,1
xevi,284,1,0
anamaria,283,0,1
boris,283,1,0
gabi,283,1,0
mark,281,1,0
prado,281,1,0
garbine,281,1,0
artur,280,1,0
dayana,280,0,1
gilberto,279,1,0
aurea,278,0,1
segundo,278,1,0
yasmin,278,0,1
carola,277,0,1
ahmed,275,1,0
nazareth,275,0,1
urko,275,1,0
malena,274,0,1
clemente,273,1,0
dana,272,0,1
fulgencio,272,1,0
jimmy,271,1,0
nani,271,0,1
alaitz,269,0,1
fausto,269,1,0
teo,269,1,0
llanos,268,1,0
tanya,268,0,1
anselmo,267,1,0
mohammed,267,1,0
constanza,265,0,1
goretti,265,0,1
isaias,265,1,0
lilia,265,0,1
ofelia,265,0,1
vicen,265,1,0
max,265,1,0
adriano,263,1,0
estefan,263,1,0
george,263,1,0
herminio,263,1,0
laila,263,0,1
lali,262,0,1
nuno,262,1,0
dany,261,1,0
inaki,261,1,0
sabela,261,0,1
andrei,260,0,1
facundo,260,1,0
ionut,260,1,0
juanjose,260,1,0
nando,260,1,0
egoitz,259,1,0
libertad,259,0,1
magali,259,0,1
renata,259,0,1
svetlana,259,0,1
jacob,258,1,0
marijose,257,0,1
aldo,256,1,0
angelines,256,0,1
itsaso,256,0,1
jordan,256,1,0
lucrecia,256,0,1
desire,255,1,0
naroa,254,0,1
pako,254,1,0
anne,253,0,1
demetrio,253,1,0
inigo,253,1,0
james,253,1,0
ronald,253,1,0
virtudes,253,0,1
yanina,253,0,1
jezabel,252,0,1
mike,252,1,0
palmira,252,0,1
gaby,251,1,0
oana,251,0,1
saida,251,0,1
sandro,251,1,0
celso,250,1,0
ionela,250,0,1
magaly,250,0,1
rossana,250,0,1
camelia,249,0,1
karol,249,0,1
agata,248,0,1
avelino,248,1,0
rolando,248,1,0
tom,248,1,0
guillermina,247,0,1
lucio,247,1,0
marianela,247,0,1
andy,246,1,0
axel,246,1,0
ioan,246,1,0
oswaldo,246,1,0
rufino,246,1,0
curro,245,1,0
esti,245,0,1
brian,244,1,0
elba,244,0,1
mihai,244,1,0
rachid,244,1,0
yadira,244,0,1
maira,242,0,1
virgilio,242,1,0
jj,242,1,0
giovanni,241,1,0
noa,241,0,1
jennyfer,240,1,0
lady,240,0,1
mavi,239,0,1
paki,239,0,1
agusti,238,1,0
susan,238,0,1
samanta,237,0,1
franco,236,1,0
juncal,236,1,0
fany,235,0,1
maricruz,235,0,1
melchor,235,1,0
bernabe,234,1,0
consolacion,234,0,1
abelardo,233,1,0
beni,233,1,0
eder,233,1,0
feliciano,233,1,0
igone,233,0,1
vilma,233,0,1
idoya,232,0,1
vasile,232,1,0
fco,232,1,0
evaristo,231,1,0
selene,231,0,1
alexandru,230,1,0
placido,230,1,0
agus,229,1,0
auxi,229,0,1
evelin,229,1,0
andre,228,1,0
lore,228,0,1
victoriano,228,1,0
mirella,226,0,1
teodora,226,0,1
amor,225,1,0
stefan,225,1,0
ivette,224,0,1
natxo,224,1,0
rosanna,224,0,1
vladimir,224,1,0
cristhian,223,1,0
karim,223,1,0
renato,223,1,0
goyo,222,1,0
alfred,221,1,0
fani,221,0,1
juancarlos,221,1,0
benigno,220,1,0
garikoitz,220,1,0
charly,219,1,0
rafel,219,1,0
vivian,219,0,1
nidia,218,0,1
nines,218,0,1
yenny,218,0,1
loren,217,0,1
samira,217,0,1
xisco,217,1,0
galo,216,1,0
lisa,216,0,1
bernardino,215,1,0
espe,215,0,1
josean,215,1,0
alfons,214,1,0
efren,214,1,0
evangelina,214,0,1
perla,214,0,1
mariel,213,0,1
seila,213,0,1
valeriano,213,1,0
stefania,212,0,1
pia,212,0,1
ascen,211,0,1
juanan,211,1,0
saturnino,211,1,0
otilia,210,0,1
florentino,209,1,0
margalida,209,0,1
nataly,209,0,1
delfin,208,1,0
marino,208,1,0
noem,208,0,1
annabel,207,0,1
conxita,207,0,1
jan,207,1,0
anastasia,206,0,1
cinthya,206,0,1
johnny,205,1,0
joe,205,1,0
sixto,204,1,0
ziortza,204,0,1
lia,204,0,1
carlo,203,1,0
denise,203,0,1
eulogio,203,1,0
guacimara,203,0,1
maya,203,0,1
rebecca,203,0,1
celina,202,0,1
isaura,202,0,1
yvonne,202,0,1
enara,201,0,1
genaro,201,1,0
brais,200,1,0
cosme,200,1,0
jhonny,200,1,0
josema,200,1,0
lili,200,0,1
oier,200,1,0
ylenia,200,0,1
auxiliadora,199,0,1
candy,199,0,1
dalia,199,0,1
fredy,199,1,0
natacha,199,0,1
adam,198,1,0
cristo,198,1,0
patrici,198,1,0
ekaitz,197,1,0
karin,197,0,1
luci,197,0,1
milton,197,1,0
edison,196,1,0
garazi,196,0,1
hicham,195,1,0
jazmin,195,0,1
sandy,195,0,1
caroline,194,0,1
higinio,194,1,0
marlen,194,0,1
olimpia,194,0,1
pura,194,0,1
bella,193,0,1
dimas,193,1,0
lluisa,193,0,1
mayca,193,0,1
wenceslao,193,1,0
youssef,193,1,0
angelo,192,1,0
tiago,192,1,0
tomeu,192,1,0
emili,191,0,1
guido,191,1,0
urbano,191,1,0
cipriano,190,1,0
marife,190,0,1
moreno,190,1,0
helga,189,0,1
johan,189,1,0
livia,189,0,1
agnes,188,0,1
ekaterina,188,0,1
katty,188,0,1
said,188,1,0
jm,188,1,0
edmundo,187,1,0
nicolae,187,1,0
bogdan,186,1,0
chantal,186,0,1
juanito,186,1,0
uxue,186,0,1
antolin,185,1,0
baldomero,185,1,0
braulio,185,1,0
constantin,185,1,0
elvis,185,1,0
paolo,185,1,0
catalin,184,0,1
jackeline,184,0,1
melani,184,0,1
oksana,184,0,1
silvestre,184,1,0
yulia,184,0,1
fco.javier,184,1,0
agnieszka,183,0,1
idaira,183,0,1
iliana,183,0,1
marien,183,0,1
petri,183,1,0
brigida,182,0,1
dioni,182,1,0
isis,182,0,1
josemaria,182,1,0
baltasar,181,1,0
larisa,180,0,1
mapi,180,0,1
suso,180,1,0
ventura,180,0,1
bienvenido,179,1,0
candida,179,0,1
frederic,179,1,0
jessi,179,0,1
loredana,179,0,1
rosabel,179,0,1
isma,178,1,0
socorro,178,0,1
aquilino,177,1,0
avelina,177,0,1
margot,177,0,1
ovidio,177,1,0
raluca,177,0,1
yohana,177,0,1
alessandra,176,0,1
dalila,176,0,1
emanuel,176,1,0
estel,176,0,1
iuliana,176,0,1
lucila,176,0,1
zacarias,176,1,0
delfina,175,0,1
roberta,175,0,1
txus,175,1,0
consol,174,0,1
franklin,174,1,0
larraitz,174,0,1
madalina,174,0,1
darwin,173,1,0
jonay,173,1,0
leslie,173,0,1
mirtha,173,0,1
veronika,173,0,1
xose,173,1,0
ely,173,0,1
jordina,172,0,1
maikel,172,1,0
oliva,172,0,1
rosaura,172,0,1
conrado,171,1,0
silvio,171,1,0
alin,170,1,0
aline,170,0,1
anthony,170,1,0
haizea,170,0,1
loida,170,0,1
patry,170,0,1
mai,170,0,1
amagoia,169,0,1
anahi,168,0,1
kilian,168,1,0
monse,168,0,1
iosune,167,0,1
kris,167,1,0
amancio,166,1,0
anastasio,166,1,0
berto,166,1,0
concepci,166,0,1
jasone,166,0,1
luca,166,1,0
willy,166,1,0
bryan,165,1,0
georgiana,165,0,1
laly,165,0,1
ligia,165,0,1
luismi,165,1,0
milagrosa,165,0,1
monserrat,165,0,1
zigor,165,1,0
christina,164,0,1
gheorghe,164,1,0
jony,164,1,0
liz,164,0,1
anxo,163,1,0
simone,163,0,1
sorin,163,1,0
valero,163,1,0
zara,163,0,1
vicenç,163,1,0
damaso,162,1,0
ixone,162,0,1
beñat,162,1,0
lis,162,0,1
flori,161,0,1
iluminada,161,0,1
obdulia,161,0,1
osvaldo,161,1,0
sophie,161,0,1
yara,160,0,1
zoila,160,0,1
gus,160,1,0
job,160,1,0
christine,159,0,1
maximino,159,1,0
adil,158,1,0
amado,158,1,0
denisse,158,0,1
florian,158,1,0
grace,158,0,1
mariajesus,158,0,1
santy,158,1,0
shaila,158,0,1
tamar,158,0,1
thomas,158,1,0
xelo,158,0,1
cari,157,0,1
conchy,157,0,1
jessy,157,0,1
joni,157,0,1
karima,157,0,1
yanet,157,0,1
jc,157,1,0
indira,156,0,1
khalid,156,1,0
marieta,156,0,1
maru,156,1,0
yamila,156,0,1
sam,156,1,0
chris,155,1,0
estibalitz,155,0,1
estitxu,155,0,1
naty,155,0,1
agapito,154,1,0
conxi,154,0,1
eddy,154,1,0
felicia,154,0,1
galina,154,0,1
ileana,154,0,1
jero,154,1,0
josemanuel,154,1,0
rayco,154,1,0
aran,153,0,1
assumpta,153,0,1
margarida,153,0,1
mirna,153,0,1
xandra,153,0,1
mªjesus,153,0,1
bertha,152,0,1
desi,152,0,1
guiomar,152,0,1
solange,152,0,1
coro,151,1,0
estanislao,151,1,0
fabricio,151,1,0
kenia,151,0,1
marjorie,151,0,1
mart,151,1,0
sancho,151,1,0
senen,151,1,0
arnaldo,150,1,0
demelsa,150,0,1
fini,150,0,1
isabelle,150,0,1
lisbeth,150,0,1
maravillas,150,0,1
isi,150,0,1
franc,149,1,0
giselle,149,0,1
junior,149,1,0
katerina,149,0,1
pino,149,1,0
prudencio,149,1,0
bonifacio,148,1,0
candi,148,0,1
casandra,148,0,1
daiana,148,0,1
nathalia,148,0,1
stela,148,0,1
danilo,147,1,0
edward,147,1,0
iryna,147,0,1
leoncio,147,1,0
raimon,147,1,0
rufo,147,1,0
samara,147,0,1
samir,147,1,0
jota,146,1,0
menchu,146,0,1
remei,146,0,1
nicol,145,0,1
olena,145,0,1
rigoberto,145,1,0
severino,145,1,0
alf,145,1,0
kim,145,1,0
m.dolores,145,0,1
alessandro,144,1,0
capitan,144,1,0
eustaquio,144,1,0
gabino,144,1,0
niko,144,1,0
silverio,144,1,0
arsenio,143,1,0
flavio,143,1,0
hassan,143,1,0
inocencio,143,1,0
marce,143,0,1
marilyn,143,0,1
romulo,143,1,0
yoly,143,0,1
casto,142,1,0
hipolito,142,1,0
vanina,142,0,1
mªdolores,142,0,1
arcadio,141,1,0
dennis,141,1,0
edna,141,0,1
remigio,141,1,0
remo,141,1,0
secundino,141,1,0
visitacion,141,0,1
yajaira,141,0,1
andreia,140,0,1
casimiro,140,1,0
clotilde,140,0,1
elixabete,140,0,1
gotzon,140,1,0
maia,140,0,1
honorio,139,1,0
juanmi,139,1,0
nabil,139,1,0
nano,139,1,0
narcisa,139,0,1
nemesio,139,1,0
nicanor,139,1,0
zuri,139,0,1
engracia,138,0,1
georgi,138,1,0
karmen,138,0,1
rosendo,138,1,0
selena,138,0,1
almu,137,0,1
cathaysa,137,0,1
desiderio,137,1,0
joseph,137,1,0
melody,137,0,1
olivier,137,1,0
romualdo,137,1,0
ubaldo,137,1,0
urtzi,137,1,0
m.teresa,137,0,1
afra,136,0,1
amal,136,0,1
antia,136,0,1
elva,136,0,1
luminita,136,0,1
maricela,136,0,1
teofilo,136,1,0
chary,135,0,1
enzo,135,1,0
lizeth,135,0,1
moni,135,0,1
nino,135,1,0
ovidiu,135,1,0
sandrine,135,0,1
vitor,135,1,0
ciprian,134,1,0
deisy,134,0,1
elda,134,0,1
fiorella,134,0,1
francina,134,0,1
izaro,134,0,1
julie,134,0,1
paky,134,0,1
primitivo,134,1,0
santa,134,0,1
ani,134,0,1
christopher,133,1,0
coloma,133,0,1
heidi,133,0,1
ione,133,0,1
jack,133,1,0
marinela,133,0,1
marlon,133,1,0
zenaida,133,0,1
amara,132,0,1
dafne,132,0,1
epifanio,132,1,0
gregoria,132,0,1
hebe,132,0,1
karolina,132,0,1
lissette,132,0,1
nela,132,0,1
priscilla,132,0,1
yuri,132,1,0
eleuterio,131,1,0
gertrudis,131,0,1
hans,131,1,0
ianire,131,0,1
joshua,131,1,0
lalo,131,1,0
sabino,131,1,0
txomin,131,1,0
nil,131,1,0
catarina,130,0,1
lavinia,130,0,1
lidon,130,0,1
meli,130,0,1
michele,130,0,1
narcis,130,1,0
ambrosio,129,1,0
antonella,129,0,1
bautista,129,1,0
biel,129,1,0
coco,129,1,0
cosmin,129,1,0
haydee,129,0,1
mariya,129,0,1
nahikari,129,0,1
txaro,129,0,1
venancio,129,1,0
cristiano,128,1,0
tura,128,0,1
ian,128,1,0
nadine,127,0,1
natali,127,0,1
rachel,127,0,1
rosy,127,0,1
alice,126,0,1
armand,126,1,0
benedicto,126,1,0
genis,126,1,0
glenda,126,0,1
greta,126,0,1
jenni,126,0,1
macu,126,0,1
onofre,126,1,0
tirso,126,1,0
yovana,126,0,1
anto,125,1,0
cayetana,125,0,1
celedonio,125,1,0
mateu,125,1,0
reina,125,0,1
steven,125,1,0
vania,125,0,1
yuliana,125,0,1
brigitte,124,0,1
dory,124,1,0
ladislao,124,1,0
sebastia,124,1,0
ari,124,1,0
llorenç,124,1,0
abdel,123,1,0
calixto,123,1,0
evelio,123,1,0
florina,123,0,1
koro,123,1,0
layla,123,0,1
nelia,123,0,1
perfecto,123,1,0
amada,122,0,1
arianna,122,0,1
balbina,122,0,1
casilda,122,0,1
denisa,122,0,1
dominique,122,1,0
fermina,122,0,1
harold,122,1,0
katya,122,0,1
keila,122,0,1
naia,122,0,1
nilda,122,0,1
primo,122,1,0
adina,121,0,1
aristides,121,1,0
domi,121,1,0
donato,121,1,0
eunice,121,0,1
gurutze,121,0,1
ionel,121,1,0
jaqueline,121,0,1
leyla,121,0,1
toribio,121,1,0
ysabel,121,0,1
angustias,120,0,1
dorleta,120,0,1
edgardo,120,1,0
justino,120,1,0
kira,120,0,1
loubna,120,0,1
natalie,120,0,1
nayara,120,0,1
nazario,120,1,0
tatyana,120,0,1
uxia,120,0,1
alvar,119,1,0
enri,119,1,0
marin,119,0,1
pastora,119,0,1
sito,119,1,0
magin,119,0,1
ania,118,0,1
benita,118,0,1
edita,118,0,1
efrain,118,1,0
geraldine,118,0,1
haritz,118,1,0
txell,118,0,1
dante,117,1,0
edorta,117,0,1
ibone,117,0,1
indalecio,117,1,0
markel,117,1,0
nubia,117,0,1
tarik,117,1,0
berenice,116,0,1
gallardo,116,1,0
georgeta,116,0,1
jasmina,116,0,1
jeremias,116,1,0
marita,116,0,1
naomi,116,0,1
rosalba,116,0,1
siro,116,1,0
cesc,115,1,0
floren,115,1,0
ivet,115,0,1
macario,115,1,0
mirari,115,0,1
naima,115,0,1
patty,115,0,1
yessenia,115,0,1
ina,115,0,1
acisclo,114,1,0
anuska,114,0,1
celine,114,0,1
divina,114,0,1
elaine,114,0,1
fernan,114,1,0
nicomedes,114,1,0
omaira,114,0,1
peio,114,1,0
ramses,114,1,0
salvadora,114,0,1
susy,114,0,1
ariane,113,0,1
eduvigis,113,0,1
emil,113,1,0
felip,113,1,0
filomena,113,0,1
gervasio,113,1,0
iraide,113,0,1
lizbeth,113,0,1
margaret,113,0,1
oxana,113,0,1
sotero,113,1,0
viorica,113,0,1
mel,113,0,1
aureliano,112,1,0
francesco,112,1,0
juany,112,0,1
luisma,112,1,0
maricel,112,0,1
napoleon,112,1,0
pierre,112,1,0
rodica,112,0,1
severiano,112,1,0
valerie,112,0,1
wilfredo,112,1,0
berna,111,0,1
catia,111,0,1
janina,111,0,1
julissa,111,0,1
paris,111,0,1
simeon,111,1,0
svitlana,111,0,1
ulpiano,111,1,0
zeus,111,1,0
aquiles,110,1,0
atanasio,110,1,0
bienvenida,110,0,1
brahim,110,1,0
daisy,110,0,1
desir,110,1,0
dorina,110,0,1
gladis,110,0,1
kika,110,0,1
neli,110,0,1
pastor,110,1,0
radu,110,1,0
sabas,110,1,0
viky,110,0,1
albino,109,1,0
crisanto,109,1,0
cuca,109,0,1
dacil,109,0,1
jhonatan,109,1,0
marion,109,0,1
massimo,109,1,0
melany,109,0,1
muriel,109,0,1
nere,109,0,1
philippe,109,0,1
apolonia,109,0,1
alber,108,1,0
idurre,108,0,1
jenniffer,108,1,0
nathaly,108,0,1
odon,108,1,0
pepo,108,1,0
reinaldo,108,1,0
yon,108,1,0
aracely,107,0,1
ares,107,0,1
belkis,107,1,0
dumitru,107,1,0
juanita,107,0,1
justa,107,0,1
lucian,107,1,0
majose,107,0,1
naira,107,0,1
wilmer,107,1,0
yuli,107,1,0
emy,107,0,1
charlie,106,1,0
digna,106,0,1
heriberto,106,1,0
iraia,106,0,1
jagoba,106,0,1
juanlu,106,1,0
kontxi,106,0,1
lena,106,0,1
marcelina,106,0,1
mimi,106,0,1
zahira,106,0,1
bartolo,105,1,0
charles,105,1,0
empar,105,0,1
jacinta,105,0,1
myrian,105,0,1
ninfa,105,0,1
amina,104,0,1
candelas,104,0,1
celsa,104,0,1
giuseppe,104,1,0
ivanna,104,0,1
mina,104,0,1
patrizia,104,0,1
ricky,104,1,0
ruby,104,0,1
stefano,104,1,0
teresita,104,0,1
viki,104,0,1
viorel,104,1,0
yesika,104,0,1
su,104,0,1
anderson,103,1,0
cora,103,0,1
daria,103,0,1
hanan,103,1,0
jamal,103,1,0
juanfran,103,1,0
katarzyna,103,0,1
nicasio,103,1,0
yamile,103,0,1
yuliya,103,0,1
ray,103,1,0
andrew,102,1,0
ayoze,102,1,0
cristi,102,0,1
cristofer,102,1,0
gisella,102,0,1
hanane,102,0,1
jael,102,1,0
juanvi,102,1,0
majo,102,0,1
samu,102,1,0
silvano,102,1,0
tono,102,1,0
yana,102,0,1
mia,102,0,1
aziz,101,1,0
claudiu,101,1,0
emeterio,101,1,0
jane,101,0,1
rosalina,101,0,1
tadeo,101,1,0
tomasa,101,0,1
anabella,100,0,1
cornelia,100,0,1
crispin,100,0,1
filipe,100,1,0
josemi,100,1,0
leti,100,0,1
longinos,100,1,0
miguelangel,100,1,0
pakito,100,1,0
rosamaria,100,0,1
sebastiana,100,0,1
alexa,99,0,1
america,99,0,1
anabela,99,0,1
jefferson,99,1,0
joseantonio,99,1,0
nohemi,99,0,1
zaloa,99,0,1
anny,98,0,1
cayo,98,1,0
cristiane,98,1,0
desislava,98,0,1
emily,98,0,1
eugeni,98,1,0
isra,98,1,0
joserra,98,1,0
katherin,98,0,1
paca,98,0,1
alona,98,0,1
abdon,97,1,0
cira,97,0,1
ciriaco,97,1,0
crisitna,97,0,1
diogenes,97,1,0
filiberto,97,1,0
gotzone,97,0,1
iulian,97,1,0
nany,97,0,1
nely,97,0,1
timoteo,97,1,0
tobias,97,1,0
alegria,96,0,1
andreina,96,0,1
casiano,96,1,0
elio,96,1,0
jeniffer,96,0,1
july,96,1,0
laurentino,96,1,0
melquiades,96,1,0
mustapha,96,1,0
tiburcio,96,1,0
zurine,96,0,1
apolinar,96,1,0
aingeru,95,1,0
aixa,95,0,1
farah,95,0,1
hermenegildo,95,1,0
kathy,95,0,1
nena,95,0,1
rubi,95,0,1
tato,95,1,0
yassine,95,0,1
daniele,94,0,1
elmio,94,1,0
enrike,94,1,0
gisele,94,0,1
hanna,94,0,1
heidy,94,0,1
isidre,94,1,0
lamberto,94,1,0
marciano,94,1,0
olegario,94,1,0
raisa,94,0,1
sharon,94,0,1
sylvie,94,0,1
tati,94,0,1
danae,94,0,1
zoe,94,0,1
bilal,93,1,0
castor,93,1,0
claire,93,0,1
cornelio,93,1,0
ericka,93,0,1
eudald,93,1,0
gary,93,1,0
gilda,93,0,1
hernando,93,1,0
june,93,0,1
kamal,93,1,0
lierni,93,0,1
luigi,93,1,0
magno,93,1,0
marianne,93,0,1
marissa,93,0,1
maura,93,0,1
nataliya,93,0,1
praxedes,93,1,0
reyna,93,0,1
sabine,93,0,1
salvi,93,0,1
concepcio,93,0,1
m.pilar,93,0,1
aday,92,1,0
agust,92,1,0
conxa,92,0,1
fuencisla,92,0,1
iranzu,92,0,1
isabela,92,0,1
lidya,92,0,1
luana,92,0,1
marijo,92,0,1
nabila,92,0,1
rose,92,0,1
serena,92,0,1
tete,92,1,0
antonieta,91,0,1
bernarda,91,0,1
ceferino,91,1,0
chiara,91,0,1
cirilo,91,1,0
evelina,91,0,1
faustiniano,91,1,0
gara,91,0,1
ignacia,91,0,1
khadija,91,0,1
palma,91,0,1
rubio,91,1,0
sindy,91,0,1
visi,91,0,1
wanda,91,0,1
yoel,91,1,0
cesareo,91,1,0
graci,90,0,1
heraclio,90,1,0
lúa,90,1,0
lulu,90,0,1
manfredo,90,1,0
martiniano,90,1,0
nat,90,0,1
neftali,90,1,0
tetyana,90,0,1
robustiano,89,1,0
restituto,89,1,0
aroha,89,0,1
malaquias,89,1,0
cebrian,88,1,0
encarnaci,88,0,1
filomeno,88,1,0
hercules,88,1,0
quintin,88,1,0
venerando,88,1,0
ruyman,88,1,0
tiberio,88,1,0
apolonio,87,1,0
immaculada,87,0,1
julien,87,1,0
m.angels,87,0,1
malu,87,1,0
man,87,1,0
axier,86,1,0
constancio,86,1,0
dave,86,1,0
elisabete,86,0,1
goizalde,86,0,1
hamza,86,1,0
juanra,86,1,0
ben,85,1,0
dolo,85,1,0
honorato,85,1,0
juanmanuel,85,1,0
malen,85,0,1
nahia,85,0,1
oliverio,85,1,0
quintiliano,85,1,0
verena,85,0,1
vivi,84,0,1
trifon,84,1,0
viktor,84,1,0
celestina,84,0,1
eguzkiñe,84,0,1
fructuoso,84,1,0
mauri,84,1,0
mªluisa,84,0,1
acacio,83,1,0
bibi,83,0,1
eleonora,83,0,1
inge,83,0,1
laida,83,0,1
marilu,83,0,1
pompeyo,83,1,0
atenea,82,0,1
ceci,82,0,1
christophe,82,1,0
crisostomo,82,1,0
deyanira,82,0,1
encar,82,0,1
fortunato,82,1,0
giorgio,82,1,0
gudofredo,82,1,0
ikram,82,1,0
jeanette,82,0,1
jeni,82,0,1
julita,82,0,1
kati,82,0,1
marilena,82,0,1
merchi,82,0,1
telesforo,82,1,0
violante,82,0,1
vladimiro,81,1,0
yomismo,81,1,0
sinesio,81,1,0
zulima,81,0,1
bricio,81,1,0
chechu,81,1,0
eustasio,81,1,0
filo,81,1,0
gedeon,81,1,0
geni,81,0,1
ludovico,81,1,0
mªisabel,81,0,1
oriana,81,0,1
adelardo,80,1,0
aniceto,80,1,0
asunci,80,0,1
cleofas,80,1,0
cori,80,0,1
corinne,80,0,1
jeannette,80,0,1
mangeles,80,0,1
marceliano,80,1,0
ona,80,0,1
radegundis,80,1,0
teodorico,80,1,0
salustiano,80,1,0
viviane,80,0,1
siham,80,1,0
talia,79,0,1
amy,79,0,1
caliope,79,1,0
gerson,79,1,0
isabella,79,0,1
jessika,79,0,1
landelino,79,1,0
lily,79,0,1
lionel,79,1,0
mluz,79,0,1
petya,79,0,1
angi,78,0,1
arminda,78,0,1
dominico,78,1,0
eligio,78,1,0
gumersindo,78,1,0
haide,78,0,1
hermogenes,78,1,0
jabier,78,1,0
juanluis,78,1,0
m.luisa,78,0,1
marisela,78,0,1
matxalen,78,0,1
natasha,78,0,1
oreste,78,1,0
pachi,78,1,0
pantilo,78,1,0
zenon,78,1,0
rufina,78,0,1
vifredo,78,1,0
tolo,78,1,0
thierry,78,1,0
sherezade,77,0,1
uri,77,1,0
servando,77,1,0
yazmin,77,0,1
alia,77,0,1
antxon,77,1,0
clarisa,77,0,1
eukene,77,0,1
eutropio,77,1,0
froilan,77,1,0
harry,77,1,0
ivanka,77,0,1
junkal,77,1,0
lucero,77,1,0
marilin,77,0,1
mentxu,77,0,1
mªteresa,77,0,1
noemy,77,0,1
nonito,77,1,0
aldara,76,0,1
aleksandra,76,0,1
cathy,76,0,1
hind,76,0,1
irache,76,0,1
irenarco,76,1,0
jessenia,76,0,1
jl,76,1,0
liudmila,76,0,1
malika,76,0,1
mansueto,76,1,0
moncho,76,1,0
onesimo,76,1,0
osberto,76,1,0
paquito,76,1,0
parasceves,76,1,0
pavel,76,1,0
pipo,76,1,0
steve,76,1,0
yohanna,76,0,1
stephane,76,1,0
yvette,75,0,1
sabacho,75,1,0
alfonsa,75,0,1
anacleto,75,1,0
caro,75,0,1
dalmacio,75,1,0
doroteo,75,1,0
egmont,75,1,0
elpidio,75,1,0
grimoaldo,75,1,0
honesto,75,1,0
inga,75,0,1
juliano,75,1,0
liborto,75,1,0
lolita,75,0,1
m.isabel,75,0,1
maangeles,75,0,1
marilen,75,0,1
modesta,75,0,1
pily,75,0,1
aimar,74,1,0
atilano,74,1,0
cleto,74,1,0
dimitar,74,1,0
egesto,74,1,0
erlantz,74,1,0
ermengardo,74,1,0
eudaldo,74,1,0
grato,74,1,0
jacoba,74,0,1
jeny,74,0,1
jesu,74,1,0
jovita,74,0,1
jucundiano,74,1,0
justiniano,74,1,0
kristian,74,1,0
manue,74,1,0
mounir,74,1,0
nayade,74,0,1
paciano,74,1,0
paladio,74,1,0
rebeka,74,0,1
virgi,74,0,1
yanire,74,0,1
yazmina,73,0,1
reginaldo,73,1,0
sebastien,73,1,0
stefany,73,0,1
tomy,73,1,0
alpiniano,73,1,0
amadeu,73,1,0
amelie,73,0,1
edelmira,73,0,1
eleazar,73,1,0
elizabet,73,0,1
elma,73,0,1
eloina,73,0,1
emenciano,73,1,0
escarlata,73,0,1
ewa,73,0,1
fatiha,73,0,1
hodei,73,1,0
huberto,73,1,0
jess,73,0,1
juande,73,1,0
magnolia,73,0,1
marialuisa,73,0,1
medardo,73,1,0
meliton,73,1,0
nicodemo,73,1,0
pancracio,73,1,0
plutarco,73,1,0
popo,73,1,0
quico,73,1,0
agatha,72,0,1
albano,72,1,0
annie,72,0,1
boni,72,0,1
celerino,72,1,0
clementina,72,0,1
diomedes,72,1,0
emerito,72,1,0
encarnita,72,0,1
ernestina,72,0,1
filipa,72,0,1
garbi,72,1,0
gaudemio,72,1,0
ginesa,72,0,1
hermione,72,0,1
ilona,72,0,1
iluminado,72,1,0
liana,72,0,1
mamadou,72,1,0
miranda,72,0,1
mucio,72,1,0
nana,72,0,1
nikolay,72,1,0
valen,72,1,0
sanae,72,0,1
regulo,72,1,0
salvio,71,1,0
sami,71,0,1
siridion,71,1,0
younes,71,1,0
telmo,71,1,0
rosmery,71,0,1
yaneth,71,0,1
romeo,71,1,0
torcuarto,71,1,0
aser,71,1,0
baudilio,71,1,0
belisario,71,1,0
dami,71,1,0
haridian,71,1,0
iraida,71,0,1
jona,71,1,0
jorgelina,71,0,1
leobardo,71,1,0
maleni,71,0,1
marcio,71,1,0
maruxa,71,0,1
marysol,71,0,1
menas,71,1,0
meniato,71,1,0
mªeugenia,71,0,1
omayra,71,0,1
poncio,71,1,0
prospero,71,1,0
ade,70,0,1
ainoha,70,0,1
albertina,70,0,1
amaranta,70,0,1
camen,70,1,0
ciro,70,1,0
comino,70,1,0
dagoberto,70,1,0
ermenterio,70,1,0
flaviano,70,1,0
fred,70,1,0
gentzane,70,0,1
inna,70,0,1
laercio,70,1,0
m.jesus,70,0,1
maca,70,0,1
mariaje,70,0,1
maryna,70,0,1
meriem,70,0,1
nicola,70,0,1
oroncio,70,1,0
policronio,70,1,0
porfibio,70,1,0
publio,70,1,0
segismundo,70,1,0
salma,70,0,1
selma,70,0,1
stefanie,70,0,1
zineb,70,0,1
xus,69,1,0
serapio,69,1,0
regino,69,1,0
aitzol,69,1,0
aventino,69,1,0
azarias,69,1,0
byron,69,1,0
canuto,69,1,0
cenorio,69,1,0
chiqui,69,0,1
cleoncio,69,1,0
cristiana,69,0,1
damia,69,0,1
eliane,69,0,1
erkuden,69,1,0
ermengario,69,1,0
eutimio,69,1,0
fali,69,1,0
goberto,69,1,0
gorgonio,69,1,0
guntranno,69,1,0
ibrahim,69,1,0
irineo,69,1,0
joaqui,69,1,0
laurent,69,1,0
marà­a,69,0,1
nataniel,69,1,0
pancho,69,1,0
albina,68,0,1
alfeo,68,1,0
aneta,68,0,1
arianne,68,0,1
aristobulo,68,1,0
aure,68,0,1
bouchra,68,0,1
celiano,68,1,0
conchin,68,1,0
egidio,68,1,0
espiridion,68,1,0
giancarlo,68,1,0
habacuc,68,1,0
hilarion,68,1,0
imane,68,1,0
josetxo,68,1,0
laurencio,68,1,0
leovigildo,68,1,0
liberato,68,1,0
libia,68,0,1
mariella,68,0,1
parsifal,68,1,0
platon,68,1,0
viktoria,68,0,1
tara,68,0,1
sonya,68,0,1
riki,68,1,0
sanson,68,1,0
satur,67,1,0
robinson,67,1,0
romy,67,0,1
sisco,67,1,0
rob,67,1,0
dania,67,0,1
didimo,67,1,0
efebo,67,1,0
enma,67,0,1
evodio,67,1,0
farid,67,1,0
fayna,67,0,1
geli,67,0,1
gumbersindo,67,1,0
iva,67,0,1
malgorzata,67,0,1
mourad,67,1,0
neo,67,1,0
noela,67,0,1
olvido,67,1,0
pelegrin,67,1,0
acilino,66,1,0
caton,66,1,0
charlotte,66,0,1
clementino,66,1,0
clodoaldo,66,1,0
davino,66,1,0
elen,66,0,1
gualberto,66,1,0
helio,66,1,0
ilenia,66,0,1
joselito,66,1,0
joviniano,66,1,0
judas,66,1,0
leodegardo,66,1,0
lisardo,66,1,0
maddi,66,0,1
mariuxi,66,0,1
martirian,66,1,0
moira,66,0,1
monique,66,1,0
mªpilar,66,0,1
octaviano,66,1,0
odalys,66,1,0
pato,66,1,0
piluca,66,0,1
pury,66,0,1
rossy,66,0,1
xaro,66,1,0
teba,66,0,1
tomi,66,1,0
ulrico,66,1,0
yoni,66,0,1
rosita,65,0,1
zuzana,65,0,1
virtu,65,0,1
tarsicio,65,1,0
sacramento,65,1,0
yenifer,65,0,1
amaranto,65,1,0
anabelen,65,0,1
angelita,65,0,1
cecile,65,0,1
conrad,65,1,0
davide,65,1,0
domenec,65,1,0
domiciano,65,1,0
elixabet,65,0,1
emerita,65,0,1
fernado,65,1,0
genma,65,0,1
giovana,65,0,1
isolina,65,0,1
jr,65,1,0
lila,65,0,1
m.mar,65,0,1
mancio,65,1,0
markos,65,1,0
maxima,65,0,1
mildred,65,0,1
nika,65,0,1
palatino,65,1,0
poli,65,1,0
procopio,65,1,0
quinidio,65,1,0
abdellah,64,1,0
amine,64,0,1
angy,64,0,1
chusa,64,0,1
clodoveo,64,1,0
delphine,64,0,1
emiliana,64,0,1
evelia,64,0,1
galder,64,1,0
geno,64,1,0
gorane,64,0,1
gregory,64,1,0
herculano,64,1,0
jabi,64,1,0
jason,64,1,0
latifa,64,0,1
liberio,64,1,0
ludmila,64,0,1
lupita,64,0,1
macarmen,64,0,1
mamerto,64,1,0
marçal,64,1,0
marcus,64,1,0
mariajo,64,0,1
michaela,64,0,1
miri,64,0,1
moha,64,0,1
moi,64,1,0
nereo,64,1,0
norman,64,1,0
octano,64,1,0
quino,64,1,0
quiriaco,64,1,0
vincent,64,1,0
veronique,64,0,1
roland,64,1,0
triana,63,0,1
vasilica,63,0,1
roy,63,1,0
alodia,63,0,1
ayelen,63,0,1
azu,63,0,1
beatrice,63,0,1
bittor,63,1,0
cucufate,63,1,0
dativo,63,1,0
erminio,63,1,0
flaminio,63,1,0
geovanny,63,1,0
hildebrando,63,1,0
itahisa,63,0,1
nemesiano,63,1,0
nene,63,1,0
noureddine,63,1,0
nury,63,0,1
protasio,63,1,0
aleida,62,0,1
angus,62,1,0
auri,62,0,1
demelza,62,0,1
eneida,62,0,1
felipa,62,0,1
fouad,62,1,0
hamid,62,1,0
hugon,62,1,0
imelda,62,0,1
jenaro,62,1,0
jocelyn,62,0,1
jofre,62,1,0
julene,62,0,1
justina,62,0,1
macabeo,62,1,0
macedonio,62,1,0
natalya,62,0,1
nauzet,62,1,0
olimnpio,62,1,0
ursino,62,1,0
yassin,62,1,0
valenti,62,1,0
sinforiano,62,1,0
tarek,62,1,0
rudy,62,0,1
richar,61,1,0
sancio,61,1,0
robin,61,1,0
reynaldo,61,1,0
sebasti,61,1,0
beata,61,0,1
bettina,61,0,1
denia,61,0,1
dioclecio,61,1,0
fulberto,61,1,0
georgia,61,0,1
hortensio,61,1,0
jair,61,1,0
jandro,61,1,0
janira,61,0,1
jeroni,61,1,0
julieth,61,0,1
karine,61,0,1
mariasun,61,0,1
marleny,61,0,1
maryam,61,0,1
naxo,61,1,0
neofito,61,1,0
niurka,61,0,1
osmundo,61,1,0
papiniano,61,1,0
paty,61,0,1
polidoro,61,1,0
adry,60,1,0
airam,60,0,1
andra,60,0,1
basileo,60,1,0
bob,60,1,0
ceciliano,60,1,0
danielle,60,1,0
f.javier,60,1,0
gador,60,1,0
glicerio,60,1,0
helene,60,0,1
irena,60,0,1
josan,60,1,0
katerine,60,0,1
larissa,60,0,1
lauren,60,1,0
lesmes,60,1,0
lluc,60,1,0
manoly,60,0,1
melinda,60,0,1
mikaela,60,0,1
mª,60,0,1
nair,60,1,0
oli,60,0,1
oseas,60,1,0
pascal,60,1,0
placida,60,0,1
purificaci,60,0,1
vicens,60,1,0
rosangela,60,0,1
selesio,60,1,0
sendoa,60,1,0
yuly,60,0,1
souad,60,0,1
salamon,59,1,0
renzo,59,1,0
yoanna,59,0,1
rosalinda,59,0,1
rogaciano,59,1,0
tommy,59,1,0
sigrid,59,0,1
thiago,59,1,0
abderrahim,59,1,0
biblano,59,1,0
carl,59,1,0
christelle,59,0,1
cielo,59,0,1
diocles,59,1,0
dulas,59,1,0
ekain,59,1,0
enmanuel,59,1,0
fabi,59,1,0
florenciano,59,1,0
hiltrudes,59,0,1
joakin,59,1,0
juancho,59,1,0
maximilano,59,1,0
mustafa,59,1,0
nick,59,1,0
pantaleon,59,1,0
pedrito,59,1,0
perpetuo,59,1,0
piltra,59,0,1
polo,59,1,0
quirico,59,1,0
amalio,58,1,0
andriy,58,1,0
blai,58,1,0
castulo,58,1,0
choni,58,0,1
dionisia,58,0,1
eunate,58,1,0
gimena,58,0,1
ilde,58,1,0
iulia,58,0,1
ivon,58,0,1
jhony,58,1,0
josemari,58,1,0
katiuska,58,0,1
kenneth,58,0,1
kristel,58,1,0
lorenza,58,0,1
mada,58,0,1
mariateresa,58,0,1
maty,58,0,1
oiane,58,0,1
onintza,58,0,1
pati,58,0,1
rebe,58,0,1
sergiu,58,1,0
silviu,58,1,0
simplicio,58,1,0
terencio,58,1,0
yonathan,58,1,0
shandra,58,0,1
sally,58,0,1
zita,58,0,1
zoelo,57,1,0
richi,57,1,0
tancredo,57,1,0
sophia,57,0,1
tana,57,0,1
sergey,57,1,0
balbino,57,1,0
benja,57,1,0
berni,57,1,0
beth,57,0,1
brayan,57,1,0
cassandra,57,0,1
devora,57,0,1
dimitri,57,1,0
edesio,57,1,0
elodie,57,0,1
francois,57,1,0
giuliana,57,0,1
helios,57,1,0
horoldo,57,1,0
katrin,57,0,1
kimberly,57,0,1
lenny,57,1,0
lucinda,57,0,1
mariadolores,57,0,1
nadya,57,0,1
natalio,57,1,0
oleg,57,1,0
antonino,56,1,0
bet,56,0,1
cande,56,1,0
carlitos,56,1,0
castorio,56,1,0
domecio,56,1,0
ethel,56,0,1
florinda,56,0,1
geanina,56,0,1
gergana,56,0,1
geronimo,56,1,0
giovanny,56,1,0
grisel,56,0,1
gumberto,56,1,0
joyce,56,0,1
juanfra,56,1,0
jucundo,56,1,0
klara,56,0,1
lisset,56,0,1
lois,56,1,0
luzdivina,56,0,1
magi,56,0,1
milagro,56,0,1
natan,56,1,0
sulpicio,56,1,0
tudor,56,1,0
teodosio,56,1,0
uldarico,56,1,0
susagna,56,0,1
usue,56,0,1
xurxo,55,1,0
rosina,55,0,1
zulay,55,0,1
abondio,55,1,0
aicha,55,0,1
alida,55,0,1
alison,55,0,1
antoño,55,1,0
betsy,55,0,1
cristy,55,0,1
daysi,55,0,1
diogo,55,1,0
gabri,55,1,0
gontzal,55,1,0
jordana,55,0,1
kiara,55,0,1
lenin,55,1,0
liliya,55,0,1
llucià,55,1,0
lukas,55,1,0
m.antonia,55,0,1
najat,55,1,0
pacomio,55,1,0
pitu,55,1,0
primitiva,55,0,1
abrahan,54,1,0
abril,54,0,1
araitz,54,0,1
arconcio,54,1,0
berardo,54,1,0
chon,54,1,0
clemencia,54,0,1
deysi,54,0,1
dorota,54,0,1
driss,54,1,0
edi,54,1,0
fabrizio,54,1,0
gontran,54,1,0
goyi,54,1,0
hilaria,54,0,1
iwona,54,0,1
j.carlos,54,1,0
jim,54,1,0
josua,54,1,0
karem,54,1,0
leonel,54,1,0
lole,54,0,1
maurizio,54,1,0
piotr,54,1,0
zuleika,54,0,1
tolomeo,54,1,0
viridiana,54,0,1
rosamari,54,0,1
yeny,54,0,1
usoa,54,0,1
serafina,53,0,1
valvanera,53,0,1
telma,53,0,1
suellen,53,0,1
roma,53,0,1
yobana,53,0,1
valerio,53,1,0
ana-maria,53,0,1
ange,53,0,1
anonimo,53,1,0
bruna,53,0,1
charli,53,1,0
cristel,53,0,1
hermes,53,1,0
imad,53,1,0
juanantonio,53,1,0
keko,53,1,0
magui,53,0,1
maitena,53,0,1
maka,53,0,1
maruja,53,0,1
mely,53,0,1
mirentxu,53,0,1
mjesus,53,0,1
mluisa,53,0,1
nira,53,0,1
abdeslam,52,1,0
aisha,52,0,1
anatolio,52,1,0
argiñe,52,0,1
bernard,52,1,0
carole,52,0,1
celes,52,0,1
douglas,52,1,0
elina,52,0,1
encina,52,0,1
ermesindis,52,1,0
flores,52,0,1
gianina,52,0,1
izan,52,1,0
josele,52,1,0
josepa,52,1,0
keyla,52,0,1
leobino,52,1,0
liseth,52,0,1
lisette,52,0,1
lobo,52,1,0
macrobio,52,1,0
marek,52,1,0
miroslav,52,1,0
ninoska,52,0,1
policarpio,52,1,0
prisca,52,0,1
rai,52,1,0
reda,52,0,1
yamilet,52,0,1
yael,52,0,1
yovanna,52,0,1
rubens,52,1,0
zulma,51,0,1
tanausú,51,1,0
zoa,51,0,1
teodolfo,51,1,0
txemi,51,1,0
yelitza,51,0,1
volodymyr,51,1,0
alana,51,0,1
cipri,51,1,0
daniella,51,0,1
doina,51,0,1
dominga,51,0,1
dorotea,51,0,1
dula,51,0,1
esme,51,0,1
estefany,51,0,1
ioseba,51,1,0
iraitz,51,0,1
jacint,51,1,0
laurentiu,51,1,0
lesly,51,0,1
luiza,51,0,1
lula,51,1,0
mafalda,51,0,1
manolito,51,1,0
maryan,51,0,1
matteo,51,1,0
mercy,51,0,1
mitxel,51,0,1
nicolasa,51,0,1
odilon,51,1,0
paterno,51,1,0
pollo,51,1,0
paulita,1,0,1
pauly,1,0,1
pepino,1,1,0
leona,1,0,1
amadora,1,0,1
paulito,1,1,0
